序号,日期,出发地,目的地,出发时间,到达时间,高温,低温,天气状况,风向,延误率
206,2019/4/23,江北国际机场,高崎国际机场,2019/4/23 20:50,2019/4/23 23:20,27,22,多云,无持续风向,0.76 
208,2019/4/23,江北国际机场,高崎国际机场,2019/4/23 9:00,2019/4/23 13:05,27,22,多云,无持续风向,0.83 
259,2019/4/23,双流国际机场,流亭国际机场,2019/4/23 6:05,2019/4/23 8:50,28,20,多云,无持续风向,0.81 
260,2019/4/23,双流国际机场,流亭国际机场,2019/4/23 6:05,2019/4/23 8:50,28,20,多云,无持续风向,0.74 
261,2019/4/23,双流国际机场,流亭国际机场,2019/4/23 6:05,2019/4/23 8:50,28,20,多云,无持续风向,0.81 
265,2019/4/23,双流国际机场,流亭国际机场,2019/4/23 17:00,2019/4/23 20:00,28,20,多云,无持续风向,0.76 
270,2019/4/23,双流国际机场,流亭国际机场,2019/4/23 13:35,2019/4/23 17:35,28,20,多云,无持续风向,0.87 
285,2019/4/23,双流国际机场,浦东国际机场,2019/4/23 13:40,2019/4/23 16:30,28,20,多云,无持续风向,0.70 
296,2019/4/23,双流国际机场,虹桥国际机场,2019/4/23 17:45,2019/4/23 20:20,28,20,多云,无持续风向,0.85 
304,2019/4/23,双流国际机场,浦东国际机场,2019/4/23 20:55,2019/4/24 0:05,28,20,多云,无持续风向,0.77 
307,2019/4/23,双流国际机场,浦东国际机场,2019/4/23 7:35,2019/4/23 12:35,28,20,多云,无持续风向,0.74 
334,2019/4/23,黄花国际机场,高崎国际机场,2019/4/23 13:25,2019/4/23 14:50,27,20,小雨,无持续风向,0.70 
335,2019/4/23,黄花国际机场,高崎国际机场,2019/4/23 14:05,2019/4/23 15:35,27,20,小雨,无持续风向,0.73 
338,2019/4/23,黄花国际机场,高崎国际机场,2019/4/23 16:05,2019/4/23 17:30,27,20,小雨,无持续风向,0.77 
340,2019/4/23,黄花国际机场,高崎国际机场,2019/4/23 19:50,2019/4/23 21:15,27,20,小雨,无持续风向,0.70 
344,2019/4/23,白云国际机场,流亭国际机场,2019/4/23 9:20,2019/4/23 12:10,25,22,大雨,无持续风向,0.83 
353,2019/4/23,白云国际机场,流亭国际机场,2019/4/23 6:45,2019/4/23 15:40,25,22,大雨,无持续风向,0.76 
367,2019/4/23,新桥国际机场,江北国际机场,2019/4/23 20:55,2019/4/23 23:00,28,17,晴,无持续风向,0.83 
373,2019/4/23,新桥国际机场,高崎国际机场,2019/4/23 13:30,2019/4/23 15:05,28,17,晴,无持续风向,0.79 
374,2019/4/23,新桥国际机场,高崎国际机场,2019/4/23 15:25,2019/4/23 17:10,28,17,晴,无持续风向,0.70 
375,2019/4/23,新桥国际机场,高崎国际机场,2019/4/23 15:25,2019/4/23 17:10,28,17,晴,无持续风向,0.81 
377,2019/4/23,新桥国际机场,高崎国际机场,2019/4/23 16:50,2019/4/23 18:30,28,17,晴,无持续风向,0.85 
380,2019/4/23,新桥国际机场,高崎国际机场,2019/4/23 13:30,2019/4/23 15:05,28,17,晴,无持续风向,0.79 
385,2019/4/23,新桥国际机场,宝安国际机场,2019/4/23 9:35,2019/4/23 11:45,28,17,晴,无持续风向,0.79 
386,2019/4/23,新桥国际机场,宝安国际机场,2019/4/23 9:35,2019/4/23 11:45,28,17,晴,无持续风向,0.76 
400,2019/4/23,新桥国际机场,咸阳国际机场,2019/4/23 14:55,2019/4/23 16:45,28,17,晴,无持续风向,0.73 
407,2019/4/23,禄口国际机场,江北国际机场,2019/4/23 10:10,2019/4/23 12:25,23,12,阴,无持续风向,0.76 
408,2019/4/23,禄口国际机场,江北国际机场,2019/4/23 10:10,2019/4/23 12:25,23,12,阴,无持续风向,0.83 
434,2019/4/23,禄口国际机场,咸阳国际机场,2019/4/23 14:25,2019/4/23 16:35,23,12,阴,无持续风向,0.81 
435,2019/4/23,禄口国际机场,咸阳国际机场,2019/4/23 14:25,2019/4/23 16:35,23,12,阴,无持续风向,0.85 
438,2019/4/23,禄口国际机场,咸阳国际机场,2019/4/23 17:05,2019/4/23 19:10,23,12,阴,无持续风向,0.70 
439,2019/4/23,禄口国际机场,咸阳国际机场,2019/4/23 20:00,2019/4/23 21:55,23,12,阴,无持续风向,0.81 
443,2019/4/23,流亭国际机场,双流国际机场,2019/4/23 9:55,2019/4/23 13:10,21,10,多云,无持续风向,0.85 
444,2019/4/23,流亭国际机场,双流国际机场,2019/4/23 9:55,2019/4/23 13:10,21,10,多云,无持续风向,0.77 
445,2019/4/23,流亭国际机场,双流国际机场,2019/4/23 9:55,2019/4/23 13:10,21,10,多云,无持续风向,0.83 
447,2019/4/23,流亭国际机场,双流国际机场,2019/4/23 12:45,2019/4/23 15:40,21,10,多云,无持续风向,0.70 
454,2019/4/23,流亭国际机场,双流国际机场,2019/4/23 8:00,2019/4/23 12:15,21,10,多云,无持续风向,0.81 
455,2019/4/23,流亭国际机场,黄花国际机场,2019/4/23 10:50,2019/4/23 13:35,21,10,多云,无持续风向,0.74 
456,2019/4/23,流亭国际机场,黄花国际机场,2019/4/23 18:10,2019/4/23 20:55,21,10,多云,无持续风向,0.79 
464,2019/4/23,流亭国际机场,白云国际机场,2019/4/23 20:55,2019/4/23 23:50,21,10,多云,无持续风向,0.51 
473,2019/4/23,流亭国际机场,白云国际机场,2019/4/23 17:30,2019/4/24 0:45,21,10,多云,无持续风向,0.77 
479,2019/4/23,流亭国际机场,禄口国际机场,2019/4/23 7:35,2019/4/23 8:50,21,10,多云,无持续风向,0.81 
483,2019/4/23,流亭国际机场,禄口国际机场,2019/4/23 22:30,2019/4/23 23:45,21,10,多云,无持续风向,0.79 
484,2019/4/23,流亭国际机场,禄口国际机场,2019/4/23 22:30,2019/4/23 23:45,21,10,多云,无持续风向,0.81 
489,2019/4/23,流亭国际机场,高崎国际机场,2019/4/23 21:30,2019/4/23 23:55,21,10,多云,无持续风向,0.83 
491,2019/4/23,流亭国际机场,滨海国际机场,2019/4/23 7:00,2019/4/23 8:20,21,10,多云,无持续风向,0.79 
492,2019/4/23,流亭国际机场,滨海国际机场,2019/4/23 7:00,2019/4/23 8:20,21,10,多云,无持续风向,0.81 
497,2019/4/23,流亭国际机场,天河国际机场,2019/4/23 16:30,2019/4/23 18:40,21,10,多云,无持续风向,0.77 
498,2019/4/23,流亭国际机场,天河国际机场,2019/4/23 17:05,2019/4/23 19:20,21,10,多云,无持续风向,0.87 
505,2019/4/23,高崎国际机场,江北国际机场,2019/4/23 11:45,2019/4/23 14:30,25,19,阴,无持续风向,0.79 
511,2019/4/23,高崎国际机场,江北国际机场,2019/4/23 14:20,2019/4/23 18:10,25,19,阴,无持续风向,0.76 
516,2019/4/23,高崎国际机场,黄花国际机场,2019/4/23 6:50,2019/4/23 8:30,25,19,阴,无持续风向,0.81 
518,2019/4/23,高崎国际机场,黄花国际机场,2019/4/23 15:30,2019/4/23 17:10,25,19,阴,无持续风向,0.81 
519,2019/4/23,高崎国际机场,黄花国际机场,2019/4/23 16:35,2019/4/23 18:20,25,19,阴,无持续风向,0.83 
524,2019/4/23,高崎国际机场,黄花国际机场,2019/4/23 22:25,2019/4/24 0:05,25,19,阴,无持续风向,0.85 
539,2019/4/23,高崎国际机场,浦东国际机场,2019/4/23 8:00,2019/4/23 10:05,25,19,阴,无持续风向,0.76 
555,2019/4/23,高崎国际机场,浦东国际机场,2019/4/23 17:35,2019/4/23 19:35,25,19,阴,无持续风向,0.79 
556,2019/4/23,高崎国际机场,浦东国际机场,2019/4/23 17:35,2019/4/23 19:35,25,19,阴,无持续风向,0.83 
571,2019/4/23,高崎国际机场,咸阳国际机场,2019/4/23 13:25,2019/4/23 16:25,25,19,阴,无持续风向,0.76 
575,2019/4/23,高崎国际机场,咸阳国际机场,2019/4/23 21:25,2019/4/24 0:25,25,19,阴,无持续风向,0.77 
583,2019/4/23,浦东国际机场,江北国际机场,2019/4/23 7:40,2019/4/23 10:30,28,18,多云,无持续风向,0.77 
584,2019/4/23,浦东国际机场,江北国际机场,2019/4/23 7:40,2019/4/23 10:30,28,18,多云,无持续风向,0.70 
589,2019/4/23,虹桥国际机场,江北国际机场,2019/4/23 10:30,2019/4/23 13:20,28,18,多云,无持续风向,0.79 
590,2019/4/23,虹桥国际机场,江北国际机场,2019/4/23 10:30,2019/4/23 13:20,28,18,多云,无持续风向,0.81 
591,2019/4/23,虹桥国际机场,江北国际机场,2019/4/23 10:30,2019/4/23 13:20,28,18,多云,无持续风向,0.70 
611,2019/4/23,浦东国际机场,江北国际机场,2019/4/23 19:15,2019/4/23 22:10,28,18,多云,无持续风向,0.83 
616,2019/4/23,虹桥国际机场,江北国际机场,2019/4/23 21:35,2019/4/24 0:30,28,18,多云,无持续风向,0.74 
617,2019/4/23,虹桥国际机场,江北国际机场,2019/4/23 21:35,2019/4/24 0:30,28,18,多云,无持续风向,0.76 
618,2019/4/23,浦东国际机场,江北国际机场,2019/4/23 22:55,2019/4/24 2:00,28,18,多云,无持续风向,0.76 
619,2019/4/23,浦东国际机场,江北国际机场,2019/4/23 22:55,2019/4/24 2:00,28,18,多云,无持续风向,0.79 
625,2019/4/23,浦东国际机场,江北国际机场,2019/4/23 22:55,2019/4/24 2:05,28,18,多云,无持续风向,0.79 
626,2019/4/23,宝安国际机场,新桥国际机场,2019/4/23 6:10,2019/4/23 8:25,27,22,雷阵雨,无持续风向,0.77 
627,2019/4/23,宝安国际机场,新桥国际机场,2019/4/23 6:10,2019/4/23 8:25,27,22,雷阵雨,无持续风向,0.83 
664,2019/4/23,宝安国际机场,浦东国际机场,2019/4/23 7:55,2019/4/23 10:15,27,22,雷阵雨,无持续风向,0.73 
665,2019/4/23,宝安国际机场,浦东国际机场,2019/4/23 7:55,2019/4/23 10:15,27,22,雷阵雨,无持续风向,0.81 
671,2019/4/23,宝安国际机场,浦东国际机场,2019/4/23 9:20,2019/4/23 11:55,27,22,雷阵雨,无持续风向,0.76 
672,2019/4/23,宝安国际机场,浦东国际机场,2019/4/23 9:20,2019/4/23 11:55,27,22,雷阵雨,无持续风向,0.76 
699,2019/4/23,宝安国际机场,虹桥国际机场,2019/4/23 15:35,2019/4/23 18:05,27,22,雷阵雨,无持续风向,0.85 
722,2019/4/23,宝安国际机场,虹桥国际机场,2019/4/23 20:30,2019/4/23 23:00,27,22,雷阵雨,无持续风向,0.73 
723,2019/4/23,宝安国际机场,虹桥国际机场,2019/4/23 20:30,2019/4/23 23:00,27,22,雷阵雨,无持续风向,0.85 
735,2019/4/23,宝安国际机场,虹桥国际机场,2019/4/23 15:35,2019/4/23 18:05,27,22,雷阵雨,无持续风向,0.76 
747,2019/4/23,宝安国际机场,咸阳国际机场,2019/4/23 7:05,2019/4/23 9:40,27,22,雷阵雨,无持续风向,0.81 
748,2019/4/23,宝安国际机场,咸阳国际机场,2019/4/23 7:05,2019/4/23 9:40,27,22,雷阵雨,无持续风向,0.79 
749,2019/4/23,宝安国际机场,咸阳国际机场,2019/4/23 7:05,2019/4/23 9:40,27,22,雷阵雨,无持续风向,0.76 
774,2019/4/23,宝安国际机场,咸阳国际机场,2019/4/23 20:05,2019/4/24 0:20,27,22,雷阵雨,无持续风向,0.83 
780,2019/4/23,滨海国际机场,流亭国际机场,2019/4/23 14:20,2019/4/23 15:30,23,10,晴,无持续风向,0.83 
781,2019/4/23,滨海国际机场,流亭国际机场,2019/4/23 14:20,2019/4/23 15:30,23,10,晴,无持续风向,0.76 
792,2019/4/23,天河国际机场,流亭国际机场,2019/4/23 7:20,2019/4/23 9:25,30,20,多云,无持续风向,0.76 
797,2019/4/23,天河国际机场,流亭国际机场,2019/4/23 19:45,2019/4/23 22:00,30,20,多云,无持续风向,0.74 
809,2019/4/23,天河国际机场,高崎国际机场,2019/4/23 22:05,2019/4/23 23:50,30,20,多云,无持续风向,0.81 
820,2019/4/23,天河国际机场,宝安国际机场,2019/4/23 18:40,2019/4/23 20:30,30,20,多云,无持续风向,0.79 
980,2019/4/24,江北国际机场,黄花国际机场,2019/4/24 7:30,2019/4/24 9:05,27,22,多云,无持续风向,0.81 
982,2019/4/24,江北国际机场,黄花国际机场,2019/4/24 8:45,2019/4/24 10:20,27,22,多云,无持续风向,0.76 
997,2019/4/24,江北国际机场,天河国际机场,2019/4/24 18:55,2019/4/24 20:20,27,22,多云,无持续风向,0.76 
999,2019/4/24,江北国际机场,天河国际机场,2019/4/24 23:10,2019/4/25 0:40,27,22,多云,无持续风向,0.76 
1008,2019/4/24,双流国际机场,黄花国际机场,2019/4/24 21:30,2019/4/24 23:25,28,20,多云,无持续风向,0.79 
1011,2019/4/24,双流国际机场,黄花国际机场,2019/4/24 13:00,2019/4/24 16:15,28,20,多云,无持续风向,0.77 
1012,2019/4/24,双流国际机场,流亭国际机场,2019/4/24 6:05,2019/4/24 8:50,28,20,多云,无持续风向,0.76 
1013,2019/4/24,双流国际机场,流亭国际机场,2019/4/24 6:05,2019/4/24 8:50,28,20,多云,无持续风向,0.79 
1014,2019/4/24,双流国际机场,流亭国际机场,2019/4/24 6:05,2019/4/24 8:50,28,20,多云,无持续风向,0.77 
1018,2019/4/24,双流国际机场,流亭国际机场,2019/4/24 17:00,2019/4/24 20:00,28,20,多云,无持续风向,0.81 
1039,2019/4/24,双流国际机场,浦东国际机场,2019/4/24 13:40,2019/4/24 16:30,28,20,多云,无持续风向,0.76 
1050,2019/4/24,双流国际机场,虹桥国际机场,2019/4/24 17:45,2019/4/24 20:20,28,20,多云,无持续风向,0.77 
1058,2019/4/24,双流国际机场,浦东国际机场,2019/4/24 20:55,2019/4/25 0:05,28,20,多云,无持续风向,0.83 
1060,2019/4/24,双流国际机场,咸阳国际机场,2019/4/24 6:30,2019/4/24 7:50,28,20,多云,无持续风向,0.83 
1061,2019/4/24,双流国际机场,咸阳国际机场,2019/4/24 6:30,2019/4/24 7:50,28,20,多云,无持续风向,0.81 
1062,2019/4/24,双流国际机场,咸阳国际机场,2019/4/24 6:30,2019/4/24 7:50,28,20,多云,无持续风向,0.81 
1063,2019/4/24,双流国际机场,咸阳国际机场,2019/4/24 6:30,2019/4/24 7:50,28,20,多云,无持续风向,0.83 
1070,2019/4/24,黄花国际机场,双流国际机场,2019/4/24 17:55,2019/4/24 20:00,27,20,小雨,无持续风向,0.76 
1073,2019/4/24,黄花国际机场,双流国际机场,2019/4/24 8:05,2019/4/24 11:45,27,20,小雨,无持续风向,0.87 
1075,2019/4/24,黄花国际机场,流亭国际机场,2019/4/24 9:35,2019/4/24 11:50,27,20,小雨,无持续风向,0.81 
1077,2019/4/24,黄花国际机场,流亭国际机场,2019/4/24 21:00,2019/4/24 23:30,27,20,小雨,无持续风向,0.76 
1079,2019/4/24,黄花国际机场,虹桥国际机场,2019/4/24 10:05,2019/4/24 11:50,27,20,小雨,无持续风向,0.76 
1080,2019/4/24,黄花国际机场,虹桥国际机场,2019/4/24 10:05,2019/4/24 11:50,27,20,小雨,无持续风向,0.74 
1083,2019/4/24,黄花国际机场,浦东国际机场,2019/4/24 10:25,2019/4/24 12:25,27,20,小雨,无持续风向,0.83 
1104,2019/4/24,黄花国际机场,浦东国际机场,2019/4/24 21:50,2019/4/24 23:50,27,20,小雨,无持续风向,0.73 
1112,2019/4/24,黄花国际机场,咸阳国际机场,2019/4/24 22:55,2019/4/25 0:55,27,20,小雨,无持续风向,0.76 
1119,2019/4/24,白云国际机场,首都国际机场,2019/4/24 9:35,2019/4/24 12:55,25,22,大雨,无持续风向,0.81 
1140,2019/4/24,白云国际机场,首都国际机场,2019/4/24 19:30,2019/4/24 23:00,25,22,大雨,无持续风向,0.73 
1158,2019/4/24,白云国际机场,首都国际机场,2019/4/24 19:30,2019/4/24 23:00,25,22,大雨,无持续风向,0.85 
1166,2019/4/24,白云国际机场,双流国际机场,2019/4/24 8:15,2019/4/24 10:30,25,22,大雨,无持续风向,0.76 
1167,2019/4/24,白云国际机场,双流国际机场,2019/4/24 8:15,2019/4/24 10:30,25,22,大雨,无持续风向,0.83 
1196,2019/4/24,白云国际机场,双流国际机场,2019/4/24 8:15,2019/4/24 10:30,25,22,大雨,无持续风向,0.83 
1202,2019/4/24,白云国际机场,黄花国际机场,2019/4/24 8:10,2019/4/24 9:30,25,22,大雨,无持续风向,0.81 
1208,2019/4/24,白云国际机场,禄口国际机场,2019/4/24 7:35,2019/4/24 9:50,25,22,大雨,无持续风向,0.76 
1210,2019/4/24,白云国际机场,禄口国际机场,2019/4/24 7:55,2019/4/24 10:10,25,22,大雨,无持续风向,0.76 
1232,2019/4/24,白云国际机场,禄口国际机场,2019/4/24 19:50,2019/4/24 21:55,25,22,大雨,无持续风向,0.77 
1236,2019/4/24,白云国际机场,禄口国际机场,2019/4/24 23:00,2019/4/25 1:20,25,22,大雨,无持续风向,0.70 
1252,2019/4/24,新桥国际机场,双流国际机场,2019/4/24 11:45,2019/4/24 14:05,28,17,晴,无持续风向,0.76 
1255,2019/4/24,新桥国际机场,咸阳国际机场,2019/4/24 14:55,2019/4/24 16:45,28,17,晴,无持续风向,0.79 
1256,2019/4/24,新桥国际机场,咸阳国际机场,2019/4/24 15:55,2019/4/24 17:40,28,17,晴,无持续风向,0.76 
1259,2019/4/24,新桥国际机场,咸阳国际机场,2019/4/24 22:25,2019/4/25 0:15,28,17,晴,无持续风向,0.79 
1277,2019/4/24,禄口国际机场,咸阳国际机场,2019/4/24 14:25,2019/4/24 16:35,23,12,阴,无持续风向,0.79 
1278,2019/4/24,禄口国际机场,咸阳国际机场,2019/4/24 14:25,2019/4/24 16:35,23,12,阴,无持续风向,0.81 
1280,2019/4/24,禄口国际机场,咸阳国际机场,2019/4/24 17:05,2019/4/24 19:10,23,12,阴,无持续风向,0.79 
1281,2019/4/24,禄口国际机场,咸阳国际机场,2019/4/24 20:00,2019/4/24 21:55,23,12,阴,无持续风向,0.74 
1284,2019/4/24,禄口国际机场,咸阳国际机场,2019/4/24 12:05,2019/4/24 16:40,23,12,阴,无持续风向,0.77 
1285,2019/4/24,流亭国际机场,双流国际机场,2019/4/24 9:55,2019/4/24 12:55,21,10,多云,无持续风向,0.69 
1286,2019/4/24,流亭国际机场,双流国际机场,2019/4/24 9:55,2019/4/24 12:55,21,10,多云,无持续风向,0.76 
1287,2019/4/24,流亭国际机场,双流国际机场,2019/4/24 9:55,2019/4/24 12:55,21,10,多云,无持续风向,0.70 
1289,2019/4/24,流亭国际机场,双流国际机场,2019/4/24 12:45,2019/4/24 15:40,21,10,多云,无持续风向,0.76 
1301,2019/4/24,流亭国际机场,虹桥国际机场,2019/4/24 10:40,2019/4/24 12:25,21,10,多云,无持续风向,0.81 
1309,2019/4/24,流亭国际机场,浦东国际机场,2019/4/24 15:15,2019/4/24 16:55,21,10,多云,无持续风向,0.77 
1310,2019/4/24,流亭国际机场,浦东国际机场,2019/4/24 15:15,2019/4/24 16:55,21,10,多云,无持续风向,0.74 
1311,2019/4/24,流亭国际机场,虹桥国际机场,2019/4/24 15:35,2019/4/24 17:15,21,10,多云,无持续风向,0.81 
1318,2019/4/24,流亭国际机场,浦东国际机场,2019/4/24 19:40,2019/4/24 21:15,21,10,多云,无持续风向,0.76 
1319,2019/4/24,流亭国际机场,虹桥国际机场,2019/4/24 20:10,2019/4/24 21:50,21,10,多云,无持续风向,0.83 
1322,2019/4/24,流亭国际机场,浦东国际机场,2019/4/24 23:10,2019/4/25 0:50,21,10,多云,无持续风向,0.83 
1323,2019/4/24,流亭国际机场,浦东国际机场,2019/4/24 23:10,2019/4/25 0:50,21,10,多云,无持续风向,0.76 
1332,2019/4/24,流亭国际机场,虹桥国际机场,2019/4/24 22:20,2019/4/24 23:55,21,10,多云,无持续风向,0.76 
1338,2019/4/24,高崎国际机场,双流国际机场,2019/4/24 22:10,2019/4/25 0:55,25,19,阴,无持续风向,0.87 
1345,2019/4/24,高崎国际机场,黄花国际机场,2019/4/24 6:50,2019/4/24 8:30,25,19,阴,无持续风向,0.83 
1348,2019/4/24,高崎国际机场,黄花国际机场,2019/4/24 15:30,2019/4/24 17:10,25,19,阴,无持续风向,0.74 
1349,2019/4/24,高崎国际机场,黄花国际机场,2019/4/24 16:35,2019/4/24 18:20,25,19,阴,无持续风向,0.83 
1354,2019/4/24,高崎国际机场,黄花国际机场,2019/4/24 22:25,2019/4/25 0:05,25,19,阴,无持续风向,0.74 
1355,2019/4/24,高崎国际机场,新桥国际机场,2019/4/24 6:40,2019/4/24 8:25,25,19,阴,无持续风向,0.83 
1357,2019/4/24,高崎国际机场,新桥国际机场,2019/4/24 16:05,2019/4/24 17:45,25,19,阴,无持续风向,0.76 
1361,2019/4/24,高崎国际机场,新桥国际机场,2019/4/24 16:05,2019/4/24 17:45,25,19,阴,无持续风向,0.74 
1371,2019/4/24,高崎国际机场,浦东国际机场,2019/4/24 8:00,2019/4/24 10:05,25,19,阴,无持续风向,0.77 
1387,2019/4/24,高崎国际机场,浦东国际机场,2019/4/24 17:35,2019/4/24 19:35,25,19,阴,无持续风向,0.77 
1388,2019/4/24,高崎国际机场,浦东国际机场,2019/4/24 17:35,2019/4/24 19:35,25,19,阴,无持续风向,0.76 
1418,2019/4/24,虹桥国际机场,滨海国际机场,2019/4/24 15:55,2019/4/24 18:20,28,18,多云,无持续风向,0.83 
1446,2019/4/24,宝安国际机场,首都国际机场,2019/4/24 16:10,2019/4/24 19:20,27,22,雷阵雨,无持续风向,0.74 
1503,2019/4/24,宝安国际机场,双流国际机场,2019/4/24 17:45,2019/4/24 20:30,27,22,雷阵雨,无持续风向,0.69 
1540,2019/4/24,宝安国际机场,禄口国际机场,2019/4/24 17:30,2019/4/24 19:55,27,22,雷阵雨,无持续风向,0.79 
1547,2019/4/24,宝安国际机场,禄口国际机场,2019/4/24 23:15,2019/4/25 1:45,27,22,雷阵雨,无持续风向,0.74 
1550,2019/4/24,宝安国际机场,禄口国际机场,2019/4/24 17:30,2019/4/24 19:55,27,22,雷阵雨,无持续风向,0.73 
1577,2019/4/24,滨海国际机场,白云国际机场,2019/4/24 21:35,2019/4/25 0:40,23,10,晴,无持续风向,0.81 
1582,2019/4/24,滨海国际机场,新桥国际机场,2019/4/24 17:00,2019/4/24 18:50,23,10,晴,无持续风向,0.81 
1583,2019/4/24,滨海国际机场,咸阳国际机场,2019/4/24 7:20,2019/4/24 9:25,23,10,晴,无持续风向,0.79 
1584,2019/4/24,滨海国际机场,咸阳国际机场,2019/4/24 8:10,2019/4/24 10:10,23,10,晴,无持续风向,0.79 
1585,2019/4/24,滨海国际机场,咸阳国际机场,2019/4/24 13:45,2019/4/24 15:40,23,10,晴,无持续风向,0.76 
1590,2019/4/24,滨海国际机场,咸阳国际机场,2019/4/24 22:30,2019/4/25 0:35,23,10,晴,无持续风向,0.76 
1591,2019/4/24,天河国际机场,首都国际机场,2019/4/24 7:00,2019/4/24 8:55,30,20,多云,无持续风向,0.87 
1602,2019/4/24,天河国际机场,首都国际机场,2019/4/24 21:55,2019/4/25 0:05,30,20,多云,无持续风向,0.81 
1603,2019/4/24,天河国际机场,首都国际机场,2019/4/24 7:00,2019/4/24 8:55,30,20,多云,无持续风向,0.83 
1605,2019/4/24,天河国际机场,首都国际机场,2019/4/24 21:55,2019/4/25 0:05,30,20,多云,无持续风向,0.85 
1611,2019/4/24,天河国际机场,双流国际机场,2019/4/24 18:30,2019/4/24 20:40,30,20,多云,无持续风向,0.76 
1613,2019/4/24,天河国际机场,双流国际机场,2019/4/24 19:00,2019/4/24 21:20,30,20,多云,无持续风向,0.83 
1616,2019/4/24,天河国际机场,双流国际机场,2019/4/24 19:00,2019/4/24 21:20,30,20,多云,无持续风向,0.70 
1617,2019/4/24,天河国际机场,白云国际机场,2019/4/24 7:30,2019/4/24 9:20,30,20,多云,无持续风向,0.76 
1624,2019/4/24,天河国际机场,白云国际机场,2019/4/24 18:50,2019/4/24 20:40,30,20,多云,无持续风向,0.76 
1631,2019/4/24,天河国际机场,流亭国际机场,2019/4/24 7:20,2019/4/24 9:25,30,20,多云,无持续风向,0.76 
1637,2019/4/24,天河国际机场,流亭国际机场,2019/4/24 19:45,2019/4/24 22:00,30,20,多云,无持续风向,0.76 
1761,2019/4/25,流亭国际机场,天河国际机场,2019/4/25 16:30,2019/4/25 18:40,21,10,多云,无持续风向,0.76 
1762,2019/4/25,流亭国际机场,天河国际机场,2019/4/25 17:05,2019/4/25 19:20,21,10,多云,无持续风向,0.79 
1783,2019/4/25,虹桥国际机场,首都国际机场,2019/4/25 9:25,2019/4/25 11:50,28,18,多云,无持续风向,0.76 
1787,2019/4/25,虹桥国际机场,南苑机场,2019/4/25 11:05,2019/4/25 13:10,28,18,多云,无持续风向,0.85 
1792,2019/4/25,虹桥国际机场,首都国际机场,2019/4/25 11:45,2019/4/25 14:10,28,18,多云,无持续风向,0.70 
1827,2019/4/25,虹桥国际机场,首都国际机场,2019/4/25 7:20,2019/4/25 11:55,28,18,多云,无持续风向,0.76 
1828,2019/4/25,虹桥国际机场,首都国际机场,2019/4/25 11:45,2019/4/25 14:10,28,18,多云,无持续风向,0.74 
1829,2019/4/25,虹桥国际机场,黄花国际机场,2019/4/25 7:05,2019/4/25 9:05,28,18,多云,无持续风向,0.70 
1830,2019/4/25,虹桥国际机场,黄花国际机场,2019/4/25 7:05,2019/4/25 9:05,28,18,多云,无持续风向,0.81 
1833,2019/4/25,浦东国际机场,黄花国际机场,2019/4/25 7:25,2019/4/25 9:25,28,18,多云,无持续风向,0.83 
1855,2019/4/25,浦东国际机场,白云国际机场,2019/4/25 6:55,2019/4/25 9:25,28,18,多云,无持续风向,0.76 
1871,2019/4/25,虹桥国际机场,白云国际机场,2019/4/25 11:35,2019/4/25 13:50,28,18,多云,无持续风向,0.81 
1902,2019/4/25,浦东国际机场,白云国际机场,2019/4/25 21:15,2019/4/25 23:40,28,18,多云,无持续风向,0.76 
1903,2019/4/25,浦东国际机场,白云国际机场,2019/4/25 21:15,2019/4/25 23:40,28,18,多云,无持续风向,0.76 
1908,2019/4/25,浦东国际机场,白云国际机场,2019/4/25 6:55,2019/4/25 9:25,28,18,多云,无持续风向,0.76 
1943,2019/4/25,滨海国际机场,流亭国际机场,2019/4/25 14:20,2019/4/25 15:30,23,10,晴,无持续风向,0.76 
1944,2019/4/25,滨海国际机场,流亭国际机场,2019/4/25 14:20,2019/4/25 15:30,23,10,晴,无持续风向,0.76 
1945,2019/4/25,滨海国际机场,咸阳国际机场,2019/4/25 7:20,2019/4/25 9:25,23,10,晴,无持续风向,0.83 
1947,2019/4/25,滨海国际机场,咸阳国际机场,2019/4/25 17:35,2019/4/25 19:35,23,10,晴,无持续风向,0.85 
1951,2019/4/25,滨海国际机场,咸阳国际机场,2019/4/25 22:30,2019/4/26 0:35,23,10,晴,无持续风向,0.81 
1952,2019/4/25,天河国际机场,首都国际机场,2019/4/25 7:00,2019/4/25 8:55,30,20,多云,无持续风向,0.83 
1965,2019/4/25,天河国际机场,首都国际机场,2019/4/25 7:00,2019/4/25 8:55,30,20,多云,无持续风向,0.79 
1975,2019/4/25,天河国际机场,双流国际机场,2019/4/25 19:00,2019/4/25 20:55,30,20,多云,无持续风向,0.77 
1979,2019/4/25,天河国际机场,双流国际机场,2019/4/25 19:00,2019/4/25 20:55,30,20,多云,无持续风向,0.81 
1980,2019/4/25,天河国际机场,咸阳国际机场,2019/4/25 8:05,2019/4/25 9:35,30,20,多云,无持续风向,0.87 
1982,2019/4/25,天河国际机场,咸阳国际机场,2019/4/25 11:25,2019/4/25 13:05,30,20,多云,无持续风向,0.76 
2041,2019/4/26,黄花国际机场,首都国际机场,2019/4/26 21:45,2019/4/27 0:10,27,20,小雨,无持续风向,0.79 
2050,2019/4/26,黄花国际机场,江北国际机场,2019/4/26 15:00,2019/4/26 16:35,27,20,小雨,无持续风向,0.76 
2056,2019/4/26,黄花国际机场,江北国际机场,2019/4/26 21:30,2019/4/26 22:55,27,20,小雨,无持续风向,0.83 
2066,2019/4/26,白云国际机场,虹桥国际机场,2019/4/26 7:35,2019/4/26 10:00,25,22,大雨,无持续风向,0.77 
2077,2019/4/26,白云国际机场,浦东国际机场,2019/4/26 10:30,2019/4/26 12:55,25,22,大雨,无持续风向,0.77 
2119,2019/4/26,白云国际机场,浦东国际机场,2019/4/26 10:30,2019/4/26 12:55,25,22,大雨,无持续风向,0.76 
2136,2019/4/26,白云国际机场,滨海国际机场,2019/4/26 17:10,2019/4/26 20:25,25,22,大雨,无持续风向,0.76 
2138,2019/4/26,白云国际机场,滨海国际机场,2019/4/26 13:00,2019/4/26 17:55,25,22,大雨,无持续风向,0.76 
2142,2019/4/26,白云国际机场,滨海国际机场,2019/4/26 13:00,2019/4/26 17:55,25,22,大雨,无持续风向,0.73 
2145,2019/4/26,新桥国际机场,高崎国际机场,2019/4/26 9:10,2019/4/26 10:55,28,17,晴,无持续风向,0.76 
2146,2019/4/26,新桥国际机场,高崎国际机场,2019/4/26 13:30,2019/4/26 15:05,28,17,晴,无持续风向,0.79 
2151,2019/4/26,新桥国际机场,高崎国际机场,2019/4/26 13:30,2019/4/26 15:05,28,17,晴,无持续风向,0.81 
2153,2019/4/26,禄口国际机场,黄花国际机场,2019/4/26 10:05,2019/4/26 11:50,23,12,阴,无持续风向,0.74 
2154,2019/4/26,禄口国际机场,黄花国际机场,2019/4/26 10:50,2019/4/26 12:30,23,12,阴,无持续风向,0.81 
2155,2019/4/26,禄口国际机场,黄花国际机场,2019/4/26 13:50,2019/4/26 15:25,23,12,阴,无持续风向,0.77 
2156,2019/4/26,禄口国际机场,黄花国际机场,2019/4/26 18:10,2019/4/26 19:55,23,12,阴,无持续风向,0.79 
2157,2019/4/26,禄口国际机场,黄花国际机场,2019/4/26 19:15,2019/4/26 21:00,23,12,阴,无持续风向,0.76 
2159,2019/4/26,禄口国际机场,流亭国际机场,2019/4/26 17:40,2019/4/26 19:10,23,12,阴,无持续风向,0.76 
2160,2019/4/26,禄口国际机场,流亭国际机场,2019/4/26 20:05,2019/4/26 21:25,23,12,阴,无持续风向,0.70 
2193,2019/4/26,浦东国际机场,宝安国际机场,2019/4/26 11:35,2019/4/26 14:20,28,18,多云,无持续风向,0.85 
2194,2019/4/26,浦东国际机场,宝安国际机场,2019/4/26 11:35,2019/4/26 14:20,28,18,多云,无持续风向,0.83 
2195,2019/4/26,虹桥国际机场,宝安国际机场,2019/4/26 11:45,2019/4/26 14:25,28,18,多云,无持续风向,0.76 
2196,2019/4/26,虹桥国际机场,宝安国际机场,2019/4/26 11:45,2019/4/26 14:25,28,18,多云,无持续风向,0.70 
2203,2019/4/26,浦东国际机场,宝安国际机场,2019/4/26 13:10,2019/4/26 16:00,28,18,多云,无持续风向,0.76 
2204,2019/4/26,浦东国际机场,宝安国际机场,2019/4/26 13:10,2019/4/26 16:00,28,18,多云,无持续风向,0.85 
2213,2019/4/26,虹桥国际机场,宝安国际机场,2019/4/26 15:45,2019/4/26 18:25,28,18,多云,无持续风向,0.83 
2214,2019/4/26,虹桥国际机场,宝安国际机场,2019/4/26 15:45,2019/4/26 18:25,28,18,多云,无持续风向,0.85 
2227,2019/4/26,虹桥国际机场,宝安国际机场,2019/4/26 19:20,2019/4/26 21:45,28,18,多云,无持续风向,0.73 
2233,2019/4/26,浦东国际机场,宝安国际机场,2019/4/26 19:55,2019/4/26 22:45,28,18,多云,无持续风向,0.79 
2255,2019/4/26,虹桥国际机场,宝安国际机场,2019/4/26 19:20,2019/4/26 21:45,28,18,多云,无持续风向,0.83 
2442,2019/4/27,江北国际机场,黄花国际机场,2019/4/27 7:30,2019/4/27 9:05,27,22,多云,无持续风向,0.51 
2444,2019/4/27,江北国际机场,黄花国际机场,2019/4/27 8:45,2019/4/27 10:20,27,22,多云,无持续风向,0.85 
2454,2019/4/27,江北国际机场,黄花国际机场,2019/4/27 8:45,2019/4/27 10:20,27,22,多云,无持续风向,0.83 
2462,2019/4/27,江北国际机场,白云国际机场,2019/4/27 8:45,2019/4/27 10:45,27,22,多云,无持续风向,0.85 
2463,2019/4/27,江北国际机场,白云国际机场,2019/4/27 9:35,2019/4/27 11:35,27,22,多云,无持续风向,0.70 
2464,2019/4/27,江北国际机场,白云国际机场,2019/4/27 10:05,2019/4/27 12:10,27,22,多云,无持续风向,0.76 
2484,2019/4/27,江北国际机场,白云国际机场,2019/4/27 8:45,2019/4/27 10:45,27,22,多云,无持续风向,0.77 
2494,2019/4/27,江北国际机场,滨海国际机场,2019/4/27 8:10,2019/4/27 10:45,27,22,多云,无持续风向,0.74 
2495,2019/4/27,江北国际机场,滨海国际机场,2019/4/27 10:55,2019/4/27 13:25,27,22,多云,无持续风向,0.76 
2499,2019/4/27,江北国际机场,滨海国际机场,2019/4/27 20:55,2019/4/27 23:25,27,22,多云,无持续风向,0.81 
2500,2019/4/27,江北国际机场,滨海国际机场,2019/4/27 22:05,2019/4/28 0:35,27,22,多云,无持续风向,0.83 
2501,2019/4/27,江北国际机场,滨海国际机场,2019/4/27 6:50,2019/4/27 11:00,27,22,多云,无持续风向,0.73 
2517,2019/4/27,双流国际机场,白云国际机场,2019/4/27 11:50,2019/4/27 14:20,26,18,阵雨,无持续风向,0.85 
2518,2019/4/27,双流国际机场,白云国际机场,2019/4/27 11:50,2019/4/27 14:20,26,18,阵雨,无持续风向,0.76 
2544,2019/4/27,双流国际机场,白云国际机场,2019/4/27 11:50,2019/4/27 14:20,26,18,阵雨,无持续风向,0.79 
2567,2019/4/27,双流国际机场,流亭国际机场,2019/4/27 6:05,2019/4/27 8:50,26,18,阵雨,无持续风向,0.77 
2568,2019/4/27,双流国际机场,流亭国际机场,2019/4/27 6:05,2019/4/27 8:50,26,18,阵雨,无持续风向,0.76 
2569,2019/4/27,双流国际机场,流亭国际机场,2019/4/27 6:05,2019/4/27 8:50,26,18,阵雨,无持续风向,0.79 
2573,2019/4/27,双流国际机场,流亭国际机场,2019/4/27 17:00,2019/4/27 20:00,26,18,阵雨,无持续风向,0.79 
2579,2019/4/27,双流国际机场,浦东国际机场,2019/4/27 5:55,2019/4/27 8:50,26,18,阵雨,无持续风向,0.77 
2580,2019/4/27,双流国际机场,浦东国际机场,2019/4/27 5:55,2019/4/27 8:50,26,18,阵雨,无持续风向,0.76 
2596,2019/4/27,双流国际机场,浦东国际机场,2019/4/27 13:40,2019/4/27 16:30,26,18,阵雨,无持续风向,0.76 
2608,2019/4/27,双流国际机场,虹桥国际机场,2019/4/27 17:45,2019/4/27 20:20,26,18,阵雨,无持续风向,0.83 
2616,2019/4/27,双流国际机场,浦东国际机场,2019/4/27 20:55,2019/4/28 0:05,26,18,阵雨,无持续风向,0.83 
2619,2019/4/27,双流国际机场,浦东国际机场,2019/4/27 7:35,2019/4/27 12:35,26,18,阵雨,无持续风向,0.76 
2634,2019/4/27,双流国际机场,天河国际机场,2019/4/27 10:15,2019/4/27 12:25,26,18,阵雨,无持续风向,0.81 
2635,2019/4/27,双流国际机场,天河国际机场,2019/4/27 10:15,2019/4/27 12:25,26,18,阵雨,无持续风向,0.73 
2649,2019/4/27,白云国际机场,江北国际机场,2019/4/27 6:55,2019/4/27 9:05,25,23,大雨,无持续风向,0.83 
2659,2019/4/27,白云国际机场,江北国际机场,2019/4/27 11:50,2019/4/27 13:55,25,23,大雨,无持续风向,0.76 
2660,2019/4/27,白云国际机场,江北国际机场,2019/4/27 12:55,2019/4/27 14:55,25,23,大雨,无持续风向,0.83 
2681,2019/4/27,白云国际机场,江北国际机场,2019/4/27 11:50,2019/4/27 13:55,25,23,大雨,无持续风向,0.85 
2692,2019/4/27,白云国际机场,虹桥国际机场,2019/4/27 7:35,2019/4/27 10:00,25,23,大雨,无持续风向,0.81 
2703,2019/4/27,白云国际机场,浦东国际机场,2019/4/27 10:30,2019/4/27 13:00,25,23,大雨,无持续风向,0.76 
2745,2019/4/27,白云国际机场,浦东国际机场,2019/4/27 10:30,2019/4/27 13:00,25,23,大雨,无持续风向,0.83 
2760,2019/4/27,白云国际机场,天河国际机场,2019/4/27 8:25,2019/4/27 10:25,25,23,大雨,无持续风向,0.76 
2764,2019/4/27,白云国际机场,天河国际机场,2019/4/27 16:35,2019/4/27 18:25,25,23,大雨,无持续风向,0.83 
2768,2019/4/27,白云国际机场,天河国际机场,2019/4/27 8:25,2019/4/27 10:25,25,23,大雨,无持续风向,0.79 
2826,2019/4/27,禄口国际机场,宝安国际机场,2019/4/27 19:55,2019/4/27 22:15,26,17,多云,无持续风向,0.79 
2828,2019/4/27,禄口国际机场,宝安国际机场,2019/4/27 21:00,2019/4/27 23:10,26,17,多云,无持续风向,0.87 
2836,2019/4/27,禄口国际机场,宝安国际机场,2019/4/27 21:00,2019/4/27 23:10,26,17,多云,无持续风向,0.85 
2857,2019/4/27,流亭国际机场,天河国际机场,2019/4/27 16:30,2019/4/27 18:40,18,10,晴,无持续风向,0.75 
2858,2019/4/27,流亭国际机场,天河国际机场,2019/4/27 17:05,2019/4/27 19:20,18,10,晴,无持续风向,0.81 
2865,2019/4/27,高崎国际机场,流亭国际机场,2019/4/27 17:55,2019/4/27 20:30,22,20,大雨,无持续风向,0.70 
2870,2019/4/27,高崎国际机场,天河国际机场,2019/4/27 8:20,2019/4/27 10:10,22,20,大雨,无持续风向,0.81 
2894,2019/4/27,虹桥国际机场,首都国际机场,2019/4/27 9:25,2019/4/27 11:50,28,18,多云,无持续风向,0.83 
2899,2019/4/27,虹桥国际机场,南苑机场,2019/4/27 11:05,2019/4/27 13:10,28,18,多云,无持续风向,0.81 
2903,2019/4/27,虹桥国际机场,首都国际机场,2019/4/27 11:45,2019/4/27 14:10,28,18,多云,无持续风向,0.85 
2929,2019/4/27,虹桥国际机场,首都国际机场,2019/4/27 19:45,2019/4/27 22:10,28,18,多云,无持续风向,0.79 
2939,2019/4/27,虹桥国际机场,首都国际机场,2019/4/27 7:20,2019/4/27 12:00,28,18,多云,无持续风向,0.74 
2940,2019/4/27,虹桥国际机场,首都国际机场,2019/4/27 11:45,2019/4/27 14:10,28,18,多云,无持续风向,0.85 
2941,2019/4/27,虹桥国际机场,黄花国际机场,2019/4/27 7:05,2019/4/27 9:05,28,18,多云,无持续风向,0.79 
2942,2019/4/27,虹桥国际机场,黄花国际机场,2019/4/27 7:05,2019/4/27 9:05,28,18,多云,无持续风向,0.81 
2945,2019/4/27,浦东国际机场,黄花国际机场,2019/4/27 7:25,2019/4/27 9:25,28,18,多云,无持续风向,0.79 
2967,2019/4/27,浦东国际机场,黄花国际机场,2019/4/27 11:45,2019/4/27 13:55,28,18,多云,无持续风向,0.85 
2968,2019/4/27,宝安国际机场,新桥国际机场,2019/4/27 6:10,2019/4/27 8:25,28,24,大雨,无持续风向,0.70 
2969,2019/4/27,宝安国际机场,新桥国际机场,2019/4/27 6:10,2019/4/27 8:25,28,24,大雨,无持续风向,0.75 
2985,2019/4/27,滨海国际机场,天河国际机场,2019/4/27 7:40,2019/4/27 9:35,23,10,晴,无持续风向,0.70 
2986,2019/4/27,滨海国际机场,天河国际机场,2019/4/27 16:20,2019/4/27 18:15,23,10,晴,无持续风向,0.79 
2987,2019/4/27,滨海国际机场,天河国际机场,2019/4/27 16:20,2019/4/27 18:20,23,10,晴,无持续风向,0.79 
3296,2019/4/28,江北国际机场,白云国际机场,2019/4/28 7:30,2019/4/28 9:35,27,22,多云,无持续风向,0.79 
3299,2019/4/28,江北国际机场,白云国际机场,2019/4/28 8:45,2019/4/28 10:45,27,22,多云,无持续风向,0.79 
3300,2019/4/28,江北国际机场,白云国际机场,2019/4/28 9:35,2019/4/28 11:35,27,22,多云,无持续风向,0.76 
3301,2019/4/28,江北国际机场,白云国际机场,2019/4/28 10:05,2019/4/28 12:10,27,22,多云,无持续风向,0.70 
3321,2019/4/28,江北国际机场,白云国际机场,2019/4/28 8:45,2019/4/28 10:45,27,22,多云,无持续风向,0.81 
3329,2019/4/28,江北国际机场,新桥国际机场,2019/4/28 6:30,2019/4/28 8:35,27,22,多云,无持续风向,0.77 
3332,2019/4/28,江北国际机场,新桥国际机场,2019/4/28 11:40,2019/4/28 13:40,27,22,多云,无持续风向,0.73 
3336,2019/4/28,江北国际机场,禄口国际机场,2019/4/28 6:55,2019/4/28 9:10,27,22,多云,无持续风向,0.70 
3357,2019/4/28,江北国际机场,滨海国际机场,2019/4/28 8:10,2019/4/28 10:45,27,22,多云,无持续风向,0.76 
3362,2019/4/28,江北国际机场,滨海国际机场,2019/4/28 20:55,2019/4/28 23:25,27,22,多云,无持续风向,0.76 
3376,2019/4/28,双流国际机场,白云国际机场,2019/4/28 11:50,2019/4/28 14:20,28,20,多云,无持续风向,0.87 
3377,2019/4/28,双流国际机场,白云国际机场,2019/4/28 11:50,2019/4/28 14:20,28,20,多云,无持续风向,0.83 
3403,2019/4/28,双流国际机场,白云国际机场,2019/4/28 11:50,2019/4/28 14:20,28,20,多云,无持续风向,0.77 
3410,2019/4/28,双流国际机场,新桥国际机场,2019/4/28 15:05,2019/4/28 17:10,28,20,多云,无持续风向,0.76 
3429,2019/4/28,双流国际机场,禄口国际机场,2019/4/28 22:25,2019/4/29 1:05,28,20,多云,无持续风向,0.76 
3437,2019/4/28,双流国际机场,宝安国际机场,2019/4/28 9:00,2019/4/28 11:40,28,20,多云,无持续风向,0.76 
3479,2019/4/28,双流国际机场,天河国际机场,2019/4/28 9:15,2019/4/28 11:15,28,20,多云,无持续风向,0.87 
3481,2019/4/28,双流国际机场,天河国际机场,2019/4/28 10:15,2019/4/28 12:25,28,20,多云,无持续风向,0.74 
3482,2019/4/28,双流国际机场,天河国际机场,2019/4/28 10:15,2019/4/28 12:25,28,20,多云,无持续风向,0.81 
3493,2019/4/28,黄花国际机场,双流国际机场,2019/4/28 17:55,2019/4/28 20:00,27,20,小雨,无持续风向,0.77 
3496,2019/4/28,黄花国际机场,双流国际机场,2019/4/28 8:05,2019/4/28 11:45,27,20,小雨,无持续风向,0.81 
3500,2019/4/28,黄花国际机场,白云国际机场,2019/4/28 17:20,2019/4/28 18:55,27,20,小雨,无持续风向,0.70 
3505,2019/4/28,黄花国际机场,高崎国际机场,2019/4/28 13:25,2019/4/28 14:50,27,20,小雨,无持续风向,0.85 
3506,2019/4/28,黄花国际机场,高崎国际机场,2019/4/28 14:05,2019/4/28 15:35,27,20,小雨,无持续风向,0.78 
3509,2019/4/28,黄花国际机场,高崎国际机场,2019/4/28 16:05,2019/4/28 17:30,27,20,小雨,无持续风向,0.81 
3511,2019/4/28,黄花国际机场,高崎国际机场,2019/4/28 19:50,2019/4/28 21:15,27,20,小雨,无持续风向,0.74 
3516,2019/4/28,黄花国际机场,虹桥国际机场,2019/4/28 10:05,2019/4/28 11:50,27,20,小雨,无持续风向,0.79 
3517,2019/4/28,黄花国际机场,虹桥国际机场,2019/4/28 10:05,2019/4/28 11:50,27,20,小雨,无持续风向,0.76 
3519,2019/4/28,黄花国际机场,浦东国际机场,2019/4/28 10:25,2019/4/28 12:25,27,20,小雨,无持续风向,0.77 
3544,2019/4/28,黄花国际机场,咸阳国际机场,2019/4/28 22:55,2019/4/29 0:55,27,20,小雨,无持续风向,0.81 
3546,2019/4/28,白云国际机场,江北国际机场,2019/4/28 6:55,2019/4/28 9:05,25,22,大雨,无持续风向,0.83 
3557,2019/4/28,白云国际机场,江北国际机场,2019/4/28 10:55,2019/4/28 13:15,25,22,大雨,无持续风向,0.76 
3558,2019/4/28,白云国际机场,江北国际机场,2019/4/28 11:50,2019/4/28 13:55,25,22,大雨,无持续风向,0.79 
3559,2019/4/28,白云国际机场,江北国际机场,2019/4/28 12:55,2019/4/28 14:55,25,22,大雨,无持续风向,0.85 
3579,2019/4/28,白云国际机场,江北国际机场,2019/4/28 11:50,2019/4/28 13:55,25,22,大雨,无持续风向,0.76 
3585,2019/4/28,白云国际机场,黄花国际机场,2019/4/28 8:10,2019/4/28 9:30,25,22,大雨,无持续风向,0.74 
3594,2019/4/28,白云国际机场,新桥国际机场,2019/4/28 22:05,2019/4/29 0:15,25,22,大雨,无持续风向,0.81 
3597,2019/4/28,白云国际机场,新桥国际机场,2019/4/28 22:05,2019/4/29 0:15,25,22,大雨,无持续风向,0.81 
3598,2019/4/28,白云国际机场,新桥国际机场,2019/4/28 6:15,2019/4/28 8:35,25,22,大雨,无持续风向,0.83 
3619,2019/4/28,白云国际机场,滨海国际机场,2019/4/28 17:10,2019/4/28 20:25,25,22,大雨,无持续风向,0.81 
3621,2019/4/28,白云国际机场,滨海国际机场,2019/4/28 13:00,2019/4/28 17:55,25,22,大雨,无持续风向,0.76 
3627,2019/4/28,白云国际机场,天河国际机场,2019/4/28 8:25,2019/4/28 10:25,25,22,大雨,无持续风向,0.83 
3631,2019/4/28,白云国际机场,天河国际机场,2019/4/28 15:20,2019/4/28 17:10,25,22,大雨,无持续风向,0.79 
3632,2019/4/28,白云国际机场,天河国际机场,2019/4/28 16:35,2019/4/28 18:25,25,22,大雨,无持续风向,0.76 
3636,2019/4/28,白云国际机场,天河国际机场,2019/4/28 8:25,2019/4/28 10:25,25,22,大雨,无持续风向,0.76 
3657,2019/4/28,禄口国际机场,双流国际机场,2019/4/28 18:40,2019/4/28 21:25,23,12,阴,无持续风向,0.76 
3666,2019/4/28,禄口国际机场,黄花国际机场,2019/4/28 10:05,2019/4/28 11:50,23,12,阴,无持续风向,0.74 
3667,2019/4/28,禄口国际机场,黄花国际机场,2019/4/28 10:50,2019/4/28 12:30,23,12,阴,无持续风向,0.81 
3668,2019/4/28,禄口国际机场,黄花国际机场,2019/4/28 13:50,2019/4/28 15:25,23,12,阴,无持续风向,0.76 
3669,2019/4/28,禄口国际机场,黄花国际机场,2019/4/28 18:10,2019/4/28 19:55,23,12,阴,无持续风向,0.77 
3670,2019/4/28,禄口国际机场,黄花国际机场,2019/4/28 19:15,2019/4/28 21:00,23,12,阴,无持续风向,0.79 
3672,2019/4/28,禄口国际机场,高崎国际机场,2019/4/28 9:40,2019/4/28 11:30,23,12,阴,无持续风向,0.85 
3673,2019/4/28,禄口国际机场,高崎国际机场,2019/4/28 9:40,2019/4/28 11:30,23,12,阴,无持续风向,0.79 
3677,2019/4/28,禄口国际机场,高崎国际机场,2019/4/28 15:20,2019/4/28 17:10,23,12,阴,无持续风向,0.76 
3688,2019/4/28,禄口国际机场,咸阳国际机场,2019/4/28 14:25,2019/4/28 16:35,23,12,阴,无持续风向,0.83 
3691,2019/4/28,禄口国际机场,咸阳国际机场,2019/4/28 17:05,2019/4/28 19:10,23,12,阴,无持续风向,0.85 
3692,2019/4/28,禄口国际机场,咸阳国际机场,2019/4/28 20:00,2019/4/28 21:55,23,12,阴,无持续风向,0.74 
3695,2019/4/28,禄口国际机场,咸阳国际机场,2019/4/28 12:05,2019/4/28 16:40,23,12,阴,无持续风向,0.83 
3702,2019/4/28,流亭国际机场,首都国际机场,2019/4/28 16:50,2019/4/28 18:25,21,10,多云,无持续风向,0.79 
3708,2019/4/28,流亭国际机场,首都国际机场,2019/4/28 21:00,2019/4/28 22:35,21,10,多云,无持续风向,0.76 
3709,2019/4/28,流亭国际机场,首都国际机场,2019/4/28 21:00,2019/4/28 22:35,21,10,多云,无持续风向,0.73 
3710,2019/4/28,流亭国际机场,首都国际机场,2019/4/28 21:00,2019/4/28 22:35,21,10,多云,无持续风向,0.81 
3720,2019/4/28,流亭国际机场,江北国际机场,2019/4/28 16:50,2019/4/28 19:30,21,10,多云,无持续风向,0.74 
3729,2019/4/28,流亭国际机场,黄花国际机场,2019/4/28 10:50,2019/4/28 13:35,21,10,多云,无持续风向,0.77 
3731,2019/4/28,流亭国际机场,黄花国际机场,2019/4/28 18:10,2019/4/28 20:55,21,10,多云,无持续风向,0.76 
3732,2019/4/28,流亭国际机场,黄花国际机场,2019/4/28 18:10,2019/4/28 20:55,21,10,多云,无持续风向,0.76 
3741,2019/4/28,流亭国际机场,白云国际机场,2019/4/28 20:55,2019/4/28 23:50,21,10,多云,无持续风向,0.73 
3748,2019/4/28,流亭国际机场,白云国际机场,2019/4/28 17:30,2019/4/29 0:45,21,10,多云,无持续风向,0.74 
3754,2019/4/28,流亭国际机场,禄口国际机场,2019/4/28 7:35,2019/4/28 8:50,21,10,多云,无持续风向,0.77 
3755,2019/4/28,流亭国际机场,禄口国际机场,2019/4/28 7:35,2019/4/28 8:50,21,10,多云,无持续风向,0.83 
3760,2019/4/28,流亭国际机场,禄口国际机场,2019/4/28 22:30,2019/4/28 23:45,21,10,多云,无持续风向,0.76 
3769,2019/4/28,流亭国际机场,虹桥国际机场,2019/4/28 10:40,2019/4/28 12:25,21,10,多云,无持续风向,0.76 
3770,2019/4/28,流亭国际机场,虹桥国际机场,2019/4/28 10:40,2019/4/28 12:25,21,10,多云,无持续风向,0.85 
3781,2019/4/28,流亭国际机场,浦东国际机场,2019/4/28 15:15,2019/4/28 16:55,21,10,多云,无持续风向,0.79 
3782,2019/4/28,流亭国际机场,虹桥国际机场,2019/4/28 15:35,2019/4/28 17:15,21,10,多云,无持续风向,0.70 
3783,2019/4/28,流亭国际机场,虹桥国际机场,2019/4/28 15:35,2019/4/28 17:15,21,10,多云,无持续风向,0.70 
3791,2019/4/28,流亭国际机场,浦东国际机场,2019/4/28 19:40,2019/4/28 21:15,21,10,多云,无持续风向,0.70 
3792,2019/4/28,流亭国际机场,虹桥国际机场,2019/4/28 20:10,2019/4/28 21:50,21,10,多云,无持续风向,0.74 
3793,2019/4/28,流亭国际机场,虹桥国际机场,2019/4/28 20:10,2019/4/28 21:50,21,10,多云,无持续风向,0.87 
3795,2019/4/28,流亭国际机场,浦东国际机场,2019/4/28 23:10,2019/4/29 0:50,21,10,多云,无持续风向,0.85 
3798,2019/4/28,流亭国际机场,虹桥国际机场,2019/4/28 22:20,2019/4/28 23:55,21,10,多云,无持续风向,0.83 
3806,2019/4/28,高崎国际机场,南苑机场,2019/4/28 16:10,2019/4/28 19:15,25,19,阴,无持续风向,0.70 
3818,2019/4/28,高崎国际机场,南苑机场,2019/4/28 19:15,2019/4/28 23:20,25,19,阴,无持续风向,0.79 
3819,2019/4/28,高崎国际机场,新桥国际机场,2019/4/28 6:40,2019/4/28 8:25,25,19,阴,无持续风向,0.73 
3820,2019/4/28,高崎国际机场,新桥国际机场,2019/4/28 6:40,2019/4/28 8:25,25,19,阴,无持续风向,0.70 
3823,2019/4/28,高崎国际机场,新桥国际机场,2019/4/28 16:05,2019/4/28 17:45,25,19,阴,无持续风向,0.76 
3827,2019/4/28,高崎国际机场,新桥国际机场,2019/4/28 16:05,2019/4/28 17:45,25,19,阴,无持续风向,0.83 
3829,2019/4/28,高崎国际机场,禄口国际机场,2019/4/28 6:45,2019/4/28 8:40,25,19,阴,无持续风向,0.70 
3830,2019/4/28,高崎国际机场,禄口国际机场,2019/4/28 6:45,2019/4/28 8:40,25,19,阴,无持续风向,0.76 
3833,2019/4/28,高崎国际机场,禄口国际机场,2019/4/28 12:30,2019/4/28 14:20,25,19,阴,无持续风向,0.85 
3845,2019/4/28,高崎国际机场,流亭国际机场,2019/4/28 17:55,2019/4/28 20:30,25,19,阴,无持续风向,0.83 
3865,2019/4/28,高崎国际机场,咸阳国际机场,2019/4/28 13:25,2019/4/28 16:25,25,19,阴,无持续风向,0.77 
3868,2019/4/28,高崎国际机场,咸阳国际机场,2019/4/28 21:25,2019/4/29 0:25,25,19,阴,无持续风向,0.76 
3876,2019/4/28,浦东国际机场,白云国际机场,2019/4/28 6:55,2019/4/28 9:25,28,18,多云,无持续风向,0.77 
3892,2019/4/28,虹桥国际机场,白云国际机场,2019/4/28 11:35,2019/4/28 13:50,28,18,多云,无持续风向,0.85 
3923,2019/4/28,浦东国际机场,白云国际机场,2019/4/28 21:15,2019/4/28 23:40,28,18,多云,无持续风向,0.81 
3924,2019/4/28,浦东国际机场,白云国际机场,2019/4/28 21:15,2019/4/28 23:40,28,18,多云,无持续风向,0.70 
3928,2019/4/28,浦东国际机场,白云国际机场,2019/4/28 6:55,2019/4/28 9:25,28,18,多云,无持续风向,0.81 
3946,2019/4/28,浦东国际机场,流亭国际机场,2019/4/28 6:40,2019/4/28 8:25,28,18,多云,无持续风向,0.83 
3956,2019/4/28,浦东国际机场,流亭国际机场,2019/4/28 10:40,2019/4/28 12:20,28,18,多云,无持续风向,0.76 
3959,2019/4/28,虹桥国际机场,流亭国际机场,2019/4/28 13:30,2019/4/28 15:05,28,18,多云,无持续风向,0.70 
3960,2019/4/28,虹桥国际机场,流亭国际机场,2019/4/28 13:30,2019/4/28 15:05,28,18,多云,无持续风向,0.76 
3970,2019/4/28,虹桥国际机场,流亭国际机场,2019/4/28 18:20,2019/4/28 19:55,28,18,多云,无持续风向,0.83 
3971,2019/4/28,虹桥国际机场,流亭国际机场,2019/4/28 18:20,2019/4/28 19:55,28,18,多云,无持续风向,0.83 
3974,2019/4/28,虹桥国际机场,流亭国际机场,2019/4/28 20:25,2019/4/28 22:05,28,18,多云,无持续风向,0.70 
3975,2019/4/28,虹桥国际机场,流亭国际机场,2019/4/28 20:30,2019/4/28 22:10,28,18,多云,无持续风向,0.76 
3981,2019/4/28,虹桥国际机场,流亭国际机场,2019/4/28 22:55,2019/4/29 0:40,28,18,多云,无持续风向,0.76 
3982,2019/4/28,虹桥国际机场,流亭国际机场,2019/4/28 22:55,2019/4/29 0:40,28,18,多云,无持续风向,0.81 
3984,2019/4/28,虹桥国际机场,流亭国际机场,2019/4/28 19:45,2019/4/28 21:15,28,18,多云,无持续风向,0.83 
3997,2019/4/28,浦东国际机场,宝安国际机场,2019/4/28 11:35,2019/4/28 14:20,28,18,多云,无持续风向,0.76 
3998,2019/4/28,浦东国际机场,宝安国际机场,2019/4/28 11:35,2019/4/28 14:20,28,18,多云,无持续风向,0.76 
3999,2019/4/28,虹桥国际机场,宝安国际机场,2019/4/28 11:45,2019/4/28 14:25,28,18,多云,无持续风向,0.77 
4000,2019/4/28,虹桥国际机场,宝安国际机场,2019/4/28 11:45,2019/4/28 14:25,28,18,多云,无持续风向,0.74 
4007,2019/4/28,浦东国际机场,宝安国际机场,2019/4/28 13:10,2019/4/28 16:00,28,18,多云,无持续风向,0.70 
4008,2019/4/28,浦东国际机场,宝安国际机场,2019/4/28 13:10,2019/4/28 16:00,28,18,多云,无持续风向,0.79 
4016,2019/4/28,虹桥国际机场,宝安国际机场,2019/4/28 15:45,2019/4/28 18:25,28,18,多云,无持续风向,0.79 
4017,2019/4/28,虹桥国际机场,宝安国际机场,2019/4/28 15:45,2019/4/28 18:25,28,18,多云,无持续风向,0.76 
4028,2019/4/28,虹桥国际机场,宝安国际机场,2019/4/28 19:20,2019/4/28 21:45,28,18,多云,无持续风向,0.79 
4056,2019/4/28,虹桥国际机场,宝安国际机场,2019/4/28 19:20,2019/4/28 21:45,28,18,多云,无持续风向,0.76 
4097,2019/4/28,宝安国际机场,双流国际机场,2019/4/28 17:45,2019/4/28 20:30,27,22,雷阵雨,无持续风向,0.81 
4118,2019/4/28,滨海国际机场,江北国际机场,2019/4/28 17:05,2019/4/28 19:40,23,10,晴,无持续风向,0.83 
4120,2019/4/28,滨海国际机场,江北国际机场,2019/4/28 18:55,2019/4/28 21:45,23,10,晴,无持续风向,0.51 
4124,2019/4/28,滨海国际机场,新桥国际机场,2019/4/28 17:00,2019/4/28 18:50,23,10,晴,无持续风向,0.81 
4126,2019/4/28,滨海国际机场,天河国际机场,2019/4/28 7:40,2019/4/28 9:35,23,10,晴,无持续风向,0.79 
4127,2019/4/28,滨海国际机场,天河国际机场,2019/4/28 16:20,2019/4/28 18:15,23,10,晴,无持续风向,0.74 
4130,2019/4/28,滨海国际机场,天河国际机场,2019/4/28 15:50,2019/4/29 1:55,23,10,晴,无持续风向,0.76 
4131,2019/4/28,滨海国际机场,咸阳国际机场,2019/4/28 7:20,2019/4/28 9:25,23,10,晴,无持续风向,0.76 
4132,2019/4/28,滨海国际机场,咸阳国际机场,2019/4/28 8:10,2019/4/28 10:10,23,10,晴,无持续风向,0.76 
4134,2019/4/28,滨海国际机场,咸阳国际机场,2019/4/28 13:45,2019/4/28 15:40,23,10,晴,无持续风向,0.76 
4136,2019/4/28,滨海国际机场,咸阳国际机场,2019/4/28 17:35,2019/4/28 19:35,23,10,晴,无持续风向,0.81 
4140,2019/4/28,滨海国际机场,咸阳国际机场,2019/4/28 22:30,2019/4/29 0:35,23,10,晴,无持续风向,0.76 
4141,2019/4/28,滨海国际机场,咸阳国际机场,2019/4/28 15:50,2019/4/28 22:45,23,10,晴,无持续风向,0.76 
4165,2019/4/28,天河国际机场,双流国际机场,2019/4/28 19:00,2019/4/28 21:20,30,20,多云,无持续风向,0.79 
4166,2019/4/28,天河国际机场,双流国际机场,2019/4/28 19:10,2019/4/28 21:20,30,20,多云,无持续风向,0.76 
4169,2019/4/28,天河国际机场,双流国际机场,2019/4/28 19:00,2019/4/28 21:20,30,20,多云,无持续风向,0.85 
4408,2019/4/29,江北国际机场,白云国际机场,2019/4/29 7:30,2019/4/29 9:35,27,22,多云,无持续风向,0.83 
4411,2019/4/29,江北国际机场,白云国际机场,2019/4/29 8:45,2019/4/29 10:45,27,22,多云,无持续风向,0.76 
4412,2019/4/29,江北国际机场,白云国际机场,2019/4/29 9:35,2019/4/29 11:35,27,22,多云,无持续风向,0.83 
4413,2019/4/29,江北国际机场,白云国际机场,2019/4/29 10:05,2019/4/29 12:10,27,22,多云,无持续风向,0.87 
4434,2019/4/29,江北国际机场,白云国际机场,2019/4/29 8:45,2019/4/29 10:45,27,22,多云,无持续风向,0.77 
4442,2019/4/29,江北国际机场,禄口国际机场,2019/4/29 6:55,2019/4/29 9:10,27,22,多云,无持续风向,0.83 
4462,2019/4/29,江北国际机场,高崎国际机场,2019/4/29 6:25,2019/4/29 8:45,27,22,多云,无持续风向,0.70 
4473,2019/4/29,江北国际机场,高崎国际机场,2019/4/29 20:50,2019/4/29 23:20,27,22,多云,无持续风向,0.83 
4474,2019/4/29,江北国际机场,高崎国际机场,2019/4/29 9:00,2019/4/29 13:05,27,22,多云,无持续风向,0.85 
4491,2019/4/29,江北国际机场,宝安国际机场,2019/4/29 12:45,2019/4/29 14:50,27,22,多云,无持续风向,0.77 
4499,2019/4/29,江北国际机场,宝安国际机场,2019/4/29 16:15,2019/4/29 18:25,27,22,多云,无持续风向,0.76 
4521,2019/4/29,江北国际机场,滨海国际机场,2019/4/29 8:10,2019/4/29 10:45,27,22,多云,无持续风向,0.79 
4530,2019/4/29,江北国际机场,天河国际机场,2019/4/29 18:55,2019/4/29 20:20,27,22,多云,无持续风向,0.83 
4532,2019/4/29,江北国际机场,天河国际机场,2019/4/29 23:10,2019/4/30 0:40,27,22,多云,无持续风向,0.70 
4549,2019/4/29,双流国际机场,白云国际机场,2019/4/29 11:50,2019/4/29 14:20,28,20,多云,无持续风向,0.77 
4550,2019/4/29,双流国际机场,白云国际机场,2019/4/29 11:50,2019/4/29 14:20,28,20,多云,无持续风向,0.81 
4575,2019/4/29,双流国际机场,白云国际机场,2019/4/29 11:50,2019/4/29 14:20,28,20,多云,无持续风向,0.83 
4601,2019/4/29,双流国际机场,高崎国际机场,2019/4/29 18:30,2019/4/29 21:10,28,20,多云,无持续风向,0.87 
4632,2019/4/29,双流国际机场,宝安国际机场,2019/4/29 14:05,2019/4/29 16:30,28,20,多云,无持续风向,0.73 
4656,2019/4/29,双流国际机场,天河国际机场,2019/4/29 9:05,2019/4/29 11:15,28,20,多云,无持续风向,0.74 
4658,2019/4/29,双流国际机场,天河国际机场,2019/4/29 10:15,2019/4/29 12:25,28,20,多云,无持续风向,0.83 
4659,2019/4/29,双流国际机场,天河国际机场,2019/4/29 10:15,2019/4/29 12:25,28,20,多云,无持续风向,0.81 
4670,2019/4/29,黄花国际机场,双流国际机场,2019/4/29 17:55,2019/4/29 20:00,27,20,小雨,无持续风向,0.79 
4673,2019/4/29,黄花国际机场,双流国际机场,2019/4/29 8:05,2019/4/29 11:45,27,20,小雨,无持续风向,0.77 
4675,2019/4/29,黄花国际机场,禄口国际机场,2019/4/29 7:40,2019/4/29 9:05,27,20,小雨,无持续风向,0.76 
4676,2019/4/29,黄花国际机场,禄口国际机场,2019/4/29 8:20,2019/4/29 9:50,27,20,小雨,无持续风向,0.74 
4677,2019/4/29,黄花国际机场,禄口国际机场,2019/4/29 11:15,2019/4/29 12:40,27,20,小雨,无持续风向,0.83 
4679,2019/4/29,黄花国际机场,禄口国际机场,2019/4/29 20:55,2019/4/29 22:25,27,20,小雨,无持续风向,0.77 
4680,2019/4/29,黄花国际机场,禄口国际机场,2019/4/29 22:30,2019/4/30 0:10,27,20,小雨,无持续风向,0.76 
4682,2019/4/29,黄花国际机场,流亭国际机场,2019/4/29 9:35,2019/4/29 11:50,27,20,小雨,无持续风向,0.83 
4683,2019/4/29,黄花国际机场,流亭国际机场,2019/4/29 9:35,2019/4/29 11:50,27,20,小雨,无持续风向,0.85 
4685,2019/4/29,黄花国际机场,流亭国际机场,2019/4/29 21:00,2019/4/29 23:30,27,20,小雨,无持续风向,0.76 
4687,2019/4/29,黄花国际机场,高崎国际机场,2019/4/29 13:25,2019/4/29 14:50,27,20,小雨,无持续风向,0.79 
4688,2019/4/29,黄花国际机场,高崎国际机场,2019/4/29 14:05,2019/4/29 15:35,27,20,小雨,无持续风向,0.79 
4691,2019/4/29,黄花国际机场,高崎国际机场,2019/4/29 16:05,2019/4/29 17:30,27,20,小雨,无持续风向,0.76 
4693,2019/4/29,黄花国际机场,高崎国际机场,2019/4/29 19:50,2019/4/29 21:15,27,20,小雨,无持续风向,0.83 
4699,2019/4/29,黄花国际机场,滨海国际机场,2019/4/29 13:20,2019/4/29 15:45,27,20,小雨,无持续风向,0.79 
4700,2019/4/29,黄花国际机场,滨海国际机场,2019/4/29 14:05,2019/4/29 16:25,27,20,小雨,无持续风向,0.77 
4702,2019/4/29,黄花国际机场,滨海国际机场,2019/4/29 16:35,2019/4/29 19:10,27,20,小雨,无持续风向,0.74 
4703,2019/4/29,黄花国际机场,滨海国际机场,2019/4/29 19:20,2019/4/29 21:40,27,20,小雨,无持续风向,0.76 
4706,2019/4/29,黄花国际机场,滨海国际机场,2019/4/29 7:20,2019/4/29 11:15,27,20,小雨,无持续风向,0.83 
4707,2019/4/29,白云国际机场,江北国际机场,2019/4/29 6:55,2019/4/29 9:05,25,22,大雨,无持续风向,0.81 
4718,2019/4/29,白云国际机场,江北国际机场,2019/4/29 10:55,2019/4/29 13:15,25,22,大雨,无持续风向,0.70 
4719,2019/4/29,白云国际机场,江北国际机场,2019/4/29 11:50,2019/4/29 13:55,25,22,大雨,无持续风向,0.83 
4720,2019/4/29,白云国际机场,江北国际机场,2019/4/29 12:55,2019/4/29 14:55,25,22,大雨,无持续风向,0.81 
4740,2019/4/29,白云国际机场,江北国际机场,2019/4/29 11:50,2019/4/29 13:55,25,22,大雨,无持续风向,0.79 
4767,2019/4/29,白云国际机场,滨海国际机场,2019/4/29 17:10,2019/4/29 20:25,25,22,大雨,无持续风向,0.76 
4769,2019/4/29,白云国际机场,滨海国际机场,2019/4/29 13:00,2019/4/29 17:55,25,22,大雨,无持续风向,0.76 
4773,2019/4/29,白云国际机场,滨海国际机场,2019/4/29 13:00,2019/4/29 17:55,25,22,大雨,无持续风向,0.76 
4776,2019/4/29,白云国际机场,天河国际机场,2019/4/29 8:25,2019/4/29 10:25,25,22,大雨,无持续风向,0.76 
4778,2019/4/29,白云国际机场,天河国际机场,2019/4/29 11:05,2019/4/29 12:55,25,22,大雨,无持续风向,0.79 
4780,2019/4/29,白云国际机场,天河国际机场,2019/4/29 16:35,2019/4/29 18:25,25,22,大雨,无持续风向,0.81 
4785,2019/4/29,白云国际机场,天河国际机场,2019/4/29 8:25,2019/4/29 10:25,25,22,大雨,无持续风向,0.76 
4792,2019/4/29,白云国际机场,咸阳国际机场,2019/4/29 10:15,2019/4/29 12:50,25,22,大雨,无持续风向,0.83 
4832,2019/4/29,新桥国际机场,双流国际机场,2019/4/29 11:45,2019/4/29 14:05,28,17,晴,无持续风向,0.76 
4845,2019/4/29,新桥国际机场,宝安国际机场,2019/4/29 9:35,2019/4/29 11:45,28,17,晴,无持续风向,0.83 
4846,2019/4/29,新桥国际机场,宝安国际机场,2019/4/29 9:35,2019/4/29 11:45,28,17,晴,无持续风向,0.74 
4865,2019/4/29,禄口国际机场,首都国际机场,2019/4/29 19:00,2019/4/29 20:55,23,12,阴,无持续风向,0.76 
4871,2019/4/29,禄口国际机场,江北国际机场,2019/4/29 10:10,2019/4/29 12:25,23,12,阴,无持续风向,0.77 
4904,2019/4/29,禄口国际机场,黄花国际机场,2019/4/29 10:05,2019/4/29 11:50,23,12,阴,无持续风向,0.79 
4905,2019/4/29,禄口国际机场,黄花国际机场,2019/4/29 10:50,2019/4/29 12:30,23,12,阴,无持续风向,0.79 
4906,2019/4/29,禄口国际机场,黄花国际机场,2019/4/29 13:50,2019/4/29 15:25,23,12,阴,无持续风向,0.81 
4907,2019/4/29,禄口国际机场,黄花国际机场,2019/4/29 18:10,2019/4/29 19:55,23,12,阴,无持续风向,0.74 
4908,2019/4/29,禄口国际机场,黄花国际机场,2019/4/29 19:15,2019/4/29 21:00,23,12,阴,无持续风向,0.85 
4915,2019/4/29,禄口国际机场,白云国际机场,2019/4/29 10:50,2019/4/29 13:30,23,12,阴,无持续风向,0.70 
4919,2019/4/29,禄口国际机场,白云国际机场,2019/4/29 11:50,2019/4/29 14:30,23,12,阴,无持续风向,0.85 
4930,2019/4/29,禄口国际机场,白云国际机场,2019/4/29 19:15,2019/4/29 21:25,23,12,阴,无持续风向,0.76 
4937,2019/4/29,禄口国际机场,白云国际机场,2019/4/29 23:10,2019/4/30 1:15,23,12,阴,无持续风向,0.73 
4963,2019/4/29,禄口国际机场,宝安国际机场,2019/4/29 20:00,2019/4/29 22:15,23,12,阴,无持续风向,0.83 
4965,2019/4/29,禄口国际机场,宝安国际机场,2019/4/29 21:00,2019/4/29 23:10,23,12,阴,无持续风向,0.79 
4971,2019/4/29,禄口国际机场,宝安国际机场,2019/4/29 21:00,2019/4/29 23:10,23,12,阴,无持续风向,0.74 
4977,2019/4/29,流亭国际机场,首都国际机场,2019/4/29 16:50,2019/4/29 18:25,21,10,多云,无持续风向,0.77 
4980,2019/4/29,流亭国际机场,首都国际机场,2019/4/29 20:05,2019/4/29 21:35,21,10,多云,无持续风向,0.85 
4981,2019/4/29,流亭国际机场,首都国际机场,2019/4/29 20:05,2019/4/29 21:35,21,10,多云,无持续风向,0.79 
4984,2019/4/29,流亭国际机场,首都国际机场,2019/4/29 21:00,2019/4/29 22:35,21,10,多云,无持续风向,0.76 
5005,2019/4/29,流亭国际机场,咸阳国际机场,2019/4/29 18:00,2019/4/29 20:15,21,10,多云,无持续风向,0.76 
5006,2019/4/29,流亭国际机场,咸阳国际机场,2019/4/29 18:00,2019/4/29 20:15,21,10,多云,无持续风向,0.81 
5016,2019/4/29,高崎国际机场,南苑机场,2019/4/29 16:10,2019/4/29 19:15,25,19,阴,无持续风向,0.76 
5028,2019/4/29,高崎国际机场,南苑机场,2019/4/29 19:15,2019/4/29 23:20,25,19,阴,无持续风向,0.83 
5030,2019/4/29,高崎国际机场,禄口国际机场,2019/4/29 6:45,2019/4/29 8:40,25,19,阴,无持续风向,0.83 
5031,2019/4/29,高崎国际机场,禄口国际机场,2019/4/29 6:45,2019/4/29 8:40,25,19,阴,无持续风向,0.79 
5034,2019/4/29,高崎国际机场,禄口国际机场,2019/4/29 12:30,2019/4/29 14:20,25,19,阴,无持续风向,0.83 
5052,2019/4/29,高崎国际机场,浦东国际机场,2019/4/29 8:00,2019/4/29 10:05,25,19,阴,无持续风向,0.81 
5053,2019/4/29,高崎国际机场,浦东国际机场,2019/4/29 8:00,2019/4/29 10:05,25,19,阴,无持续风向,0.81 
5066,2019/4/29,高崎国际机场,浦东国际机场,2019/4/29 17:35,2019/4/29 19:35,25,19,阴,无持续风向,0.81 
5067,2019/4/29,高崎国际机场,浦东国际机场,2019/4/29 17:35,2019/4/29 19:35,25,19,阴,无持续风向,0.76 
5097,2019/4/29,浦东国际机场,江北国际机场,2019/4/29 7:40,2019/4/29 10:30,28,18,多云,无持续风向,0.79 
5102,2019/4/29,虹桥国际机场,江北国际机场,2019/4/29 10:30,2019/4/29 13:20,28,18,多云,无持续风向,0.83 
5103,2019/4/29,虹桥国际机场,江北国际机场,2019/4/29 10:30,2019/4/29 13:20,28,18,多云,无持续风向,0.81 
5104,2019/4/29,虹桥国际机场,江北国际机场,2019/4/29 10:30,2019/4/29 13:20,28,18,多云,无持续风向,0.87 
5114,2019/4/29,虹桥国际机场,江北国际机场,2019/4/29 15:00,2019/4/29 17:45,28,18,多云,无持续风向,0.85 
5124,2019/4/29,浦东国际机场,江北国际机场,2019/4/29 19:15,2019/4/29 22:10,28,18,多云,无持续风向,0.74 
5129,2019/4/29,虹桥国际机场,江北国际机场,2019/4/29 21:35,2019/4/30 0:30,28,18,多云,无持续风向,0.83 
5130,2019/4/29,虹桥国际机场,江北国际机场,2019/4/29 21:35,2019/4/30 0:30,28,18,多云,无持续风向,0.76 
5131,2019/4/29,虹桥国际机场,江北国际机场,2019/4/29 21:35,2019/4/30 0:30,28,18,多云,无持续风向,0.79 
5133,2019/4/29,浦东国际机场,江北国际机场,2019/4/29 22:55,2019/4/30 2:00,28,18,多云,无持续风向,0.76 
5139,2019/4/29,浦东国际机场,江北国际机场,2019/4/29 23:00,2019/4/30 2:05,28,18,多云,无持续风向,0.76 
5153,2019/4/29,浦东国际机场,宝安国际机场,2019/4/29 11:35,2019/4/29 14:20,28,18,多云,无持续风向,0.81 
5154,2019/4/29,浦东国际机场,宝安国际机场,2019/4/29 11:35,2019/4/29 14:20,28,18,多云,无持续风向,0.76 
5155,2019/4/29,虹桥国际机场,宝安国际机场,2019/4/29 11:45,2019/4/29 14:25,28,18,多云,无持续风向,0.78 
5156,2019/4/29,虹桥国际机场,宝安国际机场,2019/4/29 11:45,2019/4/29 14:25,28,18,多云,无持续风向,0.87 
5163,2019/4/29,浦东国际机场,宝安国际机场,2019/4/29 13:10,2019/4/29 15:55,28,18,多云,无持续风向,0.70 
5164,2019/4/29,浦东国际机场,宝安国际机场,2019/4/29 13:10,2019/4/29 15:55,28,18,多云,无持续风向,0.83 
5172,2019/4/29,虹桥国际机场,宝安国际机场,2019/4/29 15:45,2019/4/29 18:25,28,18,多云,无持续风向,0.81 
5173,2019/4/29,虹桥国际机场,宝安国际机场,2019/4/29 15:45,2019/4/29 18:25,28,18,多云,无持续风向,0.79 
5184,2019/4/29,虹桥国际机场,宝安国际机场,2019/4/29 19:20,2019/4/29 21:45,28,18,多云,无持续风向,0.76 
5190,2019/4/29,浦东国际机场,宝安国际机场,2019/4/29 19:55,2019/4/29 22:45,28,18,多云,无持续风向,0.85 
5212,2019/4/29,虹桥国际机场,宝安国际机场,2019/4/29 19:20,2019/4/29 21:45,28,18,多云,无持续风向,0.76 
5234,2019/4/29,虹桥国际机场,滨海国际机场,2019/4/29 15:55,2019/4/29 18:20,28,18,多云,无持续风向,0.76 
5242,2019/4/29,浦东国际机场,天河国际机场,2019/4/29 6:45,2019/4/29 8:50,28,18,多云,无持续风向,0.70 
5245,2019/4/29,浦东国际机场,天河国际机场,2019/4/29 7:55,2019/4/29 10:05,28,18,多云,无持续风向,0.76 
5256,2019/4/29,虹桥国际机场,天河国际机场,2019/4/29 20:00,2019/4/29 21:55,28,18,多云,无持续风向,0.73 
5279,2019/4/29,虹桥国际机场,咸阳国际机场,2019/4/29 18:00,2019/4/29 20:25,28,18,多云,无持续风向,0.79 
5289,2019/4/29,浦东国际机场,咸阳国际机场,2019/4/29 23:05,2019/4/30 1:35,28,18,多云,无持续风向,0.83 
5312,2019/4/29,宝安国际机场,江北国际机场,2019/4/29 15:40,2019/4/29 17:45,27,22,雷阵雨,无持续风向,0.74 
5324,2019/4/29,宝安国际机场,江北国际机场,2019/4/29 20:45,2019/4/29 23:00,27,22,雷阵雨,无持续风向,0.70 
5361,2019/4/29,宝安国际机场,双流国际机场,2019/4/29 15:15,2019/4/29 17:55,27,22,雷阵雨,无持续风向,0.79 
5368,2019/4/29,宝安国际机场,双流国际机场,2019/4/29 17:45,2019/4/29 20:30,27,22,雷阵雨,无持续风向,0.79 
5406,2019/4/29,宝安国际机场,禄口国际机场,2019/4/29 17:30,2019/4/29 19:55,27,22,雷阵雨,无持续风向,0.83 
5413,2019/4/29,宝安国际机场,禄口国际机场,2019/4/29 23:15,2019/4/30 1:45,27,22,雷阵雨,无持续风向,0.73 
5416,2019/4/29,宝安国际机场,禄口国际机场,2019/4/29 17:30,2019/4/29 19:55,27,22,雷阵雨,无持续风向,0.85 
5421,2019/4/29,宝安国际机场,浦东国际机场,2019/4/29 7:55,2019/4/29 10:15,27,22,雷阵雨,无持续风向,0.77 
5422,2019/4/29,宝安国际机场,浦东国际机场,2019/4/29 7:55,2019/4/29 10:15,27,22,雷阵雨,无持续风向,0.79 
5424,2019/4/29,宝安国际机场,虹桥国际机场,2019/4/29 8:10,2019/4/29 10:35,27,22,雷阵雨,无持续风向,0.74 
5425,2019/4/29,宝安国际机场,虹桥国际机场,2019/4/29 8:10,2019/4/29 10:35,27,22,雷阵雨,无持续风向,0.83 
5430,2019/4/29,宝安国际机场,浦东国际机场,2019/4/29 9:20,2019/4/29 11:55,27,22,雷阵雨,无持续风向,0.83 
5431,2019/4/29,宝安国际机场,浦东国际机场,2019/4/29 9:20,2019/4/29 11:55,27,22,雷阵雨,无持续风向,0.79 
5432,2019/4/29,宝安国际机场,浦东国际机场,2019/4/29 9:50,2019/4/29 12:10,27,22,雷阵雨,无持续风向,0.70 
5454,2019/4/29,宝安国际机场,虹桥国际机场,2019/4/29 15:35,2019/4/29 18:05,27,22,雷阵雨,无持续风向,0.76 
5475,2019/4/29,宝安国际机场,虹桥国际机场,2019/4/29 20:30,2019/4/29 22:55,27,22,雷阵雨,无持续风向,0.85 
5476,2019/4/29,宝安国际机场,虹桥国际机场,2019/4/29 20:30,2019/4/29 22:55,27,22,雷阵雨,无持续风向,0.70 
5488,2019/4/29,宝安国际机场,虹桥国际机场,2019/4/29 15:35,2019/4/29 18:05,27,22,雷阵雨,无持续风向,0.77 
5506,2019/4/29,宝安国际机场,滨海国际机场,2019/4/29 22:25,2019/4/30 1:20,27,22,雷阵雨,无持续风向,0.85 
5512,2019/4/29,宝安国际机场,天河国际机场,2019/4/29 9:30,2019/4/29 11:25,27,22,雷阵雨,无持续风向,0.76 
5521,2019/4/29,宝安国际机场,咸阳国际机场,2019/4/29 7:05,2019/4/29 9:40,27,22,雷阵雨,无持续风向,0.79 
5522,2019/4/29,宝安国际机场,咸阳国际机场,2019/4/29 7:05,2019/4/29 9:40,27,22,雷阵雨,无持续风向,0.81 
5523,2019/4/29,宝安国际机场,咸阳国际机场,2019/4/29 7:05,2019/4/29 9:40,27,22,雷阵雨,无持续风向,0.83 
5525,2019/4/29,宝安国际机场,咸阳国际机场,2019/4/29 9:50,2019/4/29 12:40,27,22,雷阵雨,无持续风向,0.83 
5551,2019/4/29,宝安国际机场,咸阳国际机场,2019/4/29 20:05,2019/4/30 0:20,27,22,雷阵雨,无持续风向,0.76 
5553,2019/4/29,宝安国际机场,咸阳国际机场,2019/4/29 9:50,2019/4/29 12:40,27,22,雷阵雨,无持续风向,0.70 
5561,2019/4/29,滨海国际机场,江北国际机场,2019/4/29 18:55,2019/4/29 21:45,23,10,晴,无持续风向,0.79 
5572,2019/4/29,滨海国际机场,天河国际机场,2019/4/29 7:40,2019/4/29 9:35,23,10,晴,无持续风向,0.85 
5573,2019/4/29,滨海国际机场,天河国际机场,2019/4/29 16:20,2019/4/29 18:15,23,10,晴,无持续风向,0.77 
5577,2019/4/29,滨海国际机场,天河国际机场,2019/4/29 15:50,2019/4/30 1:55,23,10,晴,无持续风向,0.76 
5578,2019/4/29,滨海国际机场,咸阳国际机场,2019/4/29 7:20,2019/4/29 9:25,23,10,晴,无持续风向,0.87 
5579,2019/4/29,滨海国际机场,咸阳国际机场,2019/4/29 8:10,2019/4/29 10:10,23,10,晴,无持续风向,0.79 
5581,2019/4/29,滨海国际机场,咸阳国际机场,2019/4/29 13:45,2019/4/29 15:40,23,10,晴,无持续风向,0.74 
5583,2019/4/29,滨海国际机场,咸阳国际机场,2019/4/29 17:35,2019/4/29 19:35,23,10,晴,无持续风向,0.70 
5587,2019/4/29,滨海国际机场,咸阳国际机场,2019/4/29 22:30,2019/4/30 0:35,23,10,晴,无持续风向,0.70 
5588,2019/4/29,滨海国际机场,咸阳国际机场,2019/4/29 15:50,2019/4/29 22:45,23,10,晴,无持续风向,0.83 
5590,2019/4/29,天河国际机场,江北国际机场,2019/4/29 14:20,2019/4/29 16:05,30,20,多云,无持续风向,0.70 
5596,2019/4/29,天河国际机场,江北国际机场,2019/4/29 21:45,2019/4/29 23:25,30,20,多云,无持续风向,0.74 
5607,2019/4/29,天河国际机场,宝安国际机场,2019/4/29 18:40,2019/4/29 20:30,30,20,多云,无持续风向,0.77 
5611,2019/4/29,天河国际机场,咸阳国际机场,2019/4/29 8:05,2019/4/29 9:35,30,20,多云,无持续风向,0.76 
5613,2019/4/29,天河国际机场,咸阳国际机场,2019/4/29 11:25,2019/4/29 13:05,30,20,多云,无持续风向,0.77 